date,scraped_at,product_id,name,brand,price_cents,in_stock,url,status
2026-01-09,2026-01-09T17:52:05,936045,Bose QuietComfort Ultra Headphones Zwart,Bose,29900,True,https://www.coolblue.nl/product/936045/bose-quietcomfort-ultra-headphones-zwart.html,ok
2026-01-09,2026-01-09T17:52:09,962722,Sony WH-1000XM6 Zwart,Sony,41900,True,https://www.coolblue.nl/product/962722/sony-wh-1000xm6-zwart.html,ok
2026-01-09,2026-01-09T17:52:13,968665,Sony WH-1000XM5SA SoftCase Zwart,Sony,22900,True,https://www.coolblue.nl/product/968665/sony-wh-1000xm5sa-softcase-zwart.html,ok
2026-01-09,2026-01-09T17:52:19,859866,Sony WH-1000XM4 Zwart,Sony,22900,True,https://www.coolblue.nl/product/859866/sony-wh-1000xm4-zwart.html,ok
2026-01-09,2026-01-09T17:52:24,954352,Apple AirPods Max Zwart,Apple,57900,True,https://www.coolblue.nl/product/954352/apple-airpods-max-zwart.html,ok
2026-01-09,2026-01-09T17:52:28,968677,Bose QuietComfort Ultra Headphones (2e gen) Zwart,Bose,45000,True,https://www.coolblue.nl/product/968677/bose-quietcomfort-ultra-headphones-2e-gen-zwart.html,ok
2026-01-09,2026-01-09T17:52:33,936046,Bose QuietComfort Ultra Headphones Wit,Bose,29900,True,https://www.coolblue.nl/product/936046/bose-quietcomfort-ultra-headphones-wit.html,ok
2026-01-09,2026-01-09T17:52:37,960367,JBL Tour One M3 Smart TX Zwart,JBL,26900,True,https://www.coolblue.nl/product/960367/jbl-tour-one-m3-smart-tx-zwart.html,ok
2026-01-09,2026-01-09T17:52:44,936048,Bose QuietComfort Headphones Zwart,Bose,22000,True,https://www.coolblue.nl/product/936048/bose-quietcomfort-headphones-zwart.html,ok
2026-01-09,2026-01-09T17:52:51,948054,Sonos Ace Zwart,Sonos,39900,True,https://www.coolblue.nl/product/948054/sonos-ace-zwart.html,ok
2026-01-09,2026-01-09T17:52:55,962724,Sony WH-1000XM6 Blauw,Sony,37600,True,https://www.coolblue.nl/product/962724/sony-wh-1000xm6-blauw.html,ok
2026-01-09,2026-01-09T17:53:00,795783,Pioneer DJ HDJ-X5 Zwart,Pioneer,9700,True,https://www.coolblue.nl/product/795783/pioneer-dj-hdj-x5-zwart.html,ok
2026-01-09,2026-01-09T17:53:05,949833,Bose QuietComfort Headphones SC,Bose,28900,True,https://www.coolblue.nl/product/949833/bose-quietcomfort-headphones-sc.html,ok
2026-01-09,2026-01-09T17:53:10,923501,Sony WH-CH720N Zwart,Sony,8800,True,https://www.coolblue.nl/product/923501/sony-wh-ch720n-zwart.html,ok
2026-01-09,2026-01-09T17:53:15,968680,Bose QuietComfort Ultra Headphones (2e gen) Creme,Bose,45000,True,https://www.coolblue.nl/product/968680/bose-quietcomfort-ultra-headphones-2e-gen-creme.html,ok
2026-01-09,2026-01-09T17:53:19,969274,Bowers & Wilkins PX8 S2 Zwart,Bowers & Wilkins,72900,True,https://www.coolblue.nl/product/969274/bowers-wilkins-px8-s2-zwart.html,ok
2026-01-09,2026-01-09T17:53:24,917585,Bowers & Wilkins Px8 Zwart,Bowers & Wilkins,43900,True,https://www.coolblue.nl/product/917585/bowers-wilkins-px8-zwart.html,ok
2026-01-09,2026-01-09T17:53:28,884823,Sony WH-1000XM4 Blauw,Sony,21900,True,https://www.coolblue.nl/product/884823/sony-wh-1000xm4-blauw.html,ok
2026-01-09,2026-01-09T17:53:34,954349,Apple AirPods Max Goud,Apple,56100,True,https://www.coolblue.nl/product/954349/apple-airpods-max-goud.html,ok
2026-01-09,2026-01-09T17:53:40,859867,Sony WH-1000XM4 Zilver,Sony,22200,True,https://www.coolblue.nl/product/859867/sony-wh-1000xm4-zilver.html,ok
2026-01-09,2026-01-09T17:53:45,930309,JBL Tune 770NC Zwart,JBL,8600,True,https://www.coolblue.nl/product/930309/jbl-tune-770nc-zwart.html,ok
2026-01-09,2026-01-09T17:53:50,968679,Bose QuietComfort Ultra Headphones (2e gen) Goud,Bose,45000,True,https://www.coolblue.nl/product/968679/bose-quietcomfort-ultra-headphones-2e-gen-goud.html,ok
2026-01-09,2026-01-09T17:53:54,962725,Sony WH-1000XM6 Zilver,Sony,39200,True,https://www.coolblue.nl/product/962725/sony-wh-1000xm6-zilver.html,ok
2026-01-09,2026-01-09T17:53:59,953660,Bose QuietComfort Headphones Blauw,Bose,22000,True,https://www.coolblue.nl/product/953660/bose-quietcomfort-headphones-blauw.html,ok
2026-01-09,2026-01-09T17:54:04,963644,Bowers & Wilkins Px7 S3 Zwart,Bowers & Wilkins,35900,True,https://www.coolblue.nl/product/963644/bowers-wilkins-px7-s3-zwart.html,ok
2026-01-09,2026-01-09T17:54:08,946493,Sony ULT Wear Zwart,Sony,14100,True,https://www.coolblue.nl/product/946493/sony-ult-wear-zwart.html,ok
2026-01-09,2026-01-09T17:54:13,959896,JBL Tour One M3 Zwart,JBL,24900,True,https://www.coolblue.nl/product/959896/jbl-tour-one-m3-zwart.html,ok
2026-01-09,2026-01-09T17:54:16,954351,Apple AirPods Max Blauw,Apple,57900,True,https://www.coolblue.nl/product/954351/apple-airpods-max-blauw.html,ok
2026-01-09,2026-01-09T17:54:21,905648,Sony WH-1000XM5 Zwart,Sony,26900,True,https://www.coolblue.nl/product/905648/sony-wh-1000xm5-zwart.html,ok
2026-01-09,2026-01-09T17:54:26,936049,Bose QuietComfort Headphones Wit,Bose,22000,True,https://www.coolblue.nl/product/936049/bose-quietcomfort-headphones-wit.html,ok
2026-01-09,2026-01-09T17:54:30,960369,JBL Tour One M3 Smart TX Blauw,JBL,26900,True,https://www.coolblue.nl/product/960369/jbl-tour-one-m3-smart-tx-blauw.html,ok
2026-01-09,2026-01-09T17:54:34,934187,Beats Studio Pro Zwart,Beats,40000,True,https://www.coolblue.nl/product/934187/beats-studio-pro-zwart.html,ok
2026-01-09,2026-01-09T17:54:38,934403,JBL Live 770NC Rosegoud,JBL,11800,True,https://www.coolblue.nl/product/934403/jbl-live-770nc-rosegoud.html,ok
2026-01-09,2026-01-09T17:54:42,947607,Soundcore Space One Zwart,Soundcore by Anker,9400,True,https://www.coolblue.nl/product/947607/soundcore-space-one-zwart.html,ok
2026-01-09,2026-01-09T17:54:47,923506,Sony WH-CH720N Blauw,Sony,8500,True,https://www.coolblue.nl/product/923506/sony-wh-ch720n-blauw.html,ok
2026-01-09,2026-01-09T17:54:53,946494,Sony ULT Wear Groen,Sony,13900,True,https://www.coolblue.nl/product/946494/sony-ult-wear-groen.html,ok
2026-01-09,2026-01-09T17:54:57,948053,Sonos Ace Wit,Sonos,37500,True,https://www.coolblue.nl/product/948053/sonos-ace-wit.html,ok
2026-01-09,2026-01-09T17:55:01,955104,Bowers & Wilkins PX8 Groen,Bowers & Wilkins,44400,True,https://www.coolblue.nl/product/955104/bowers-wilkins-px8-groen.html,ok
2026-01-09,2026-01-09T17:55:06,934400,JBL Live 770NC Zwart,JBL,18000,False,https://www.coolblue.nl/product/934400/jbl-live-770nc-zwart.html,ok
2026-01-09,2026-01-09T17:55:10,968681,Bose QuietComfort Ultra Headphones (2e gen) Paars,Bose,45000,True,https://www.coolblue.nl/product/968681/bose-quietcomfort-ultra-headphones-2e-gen-paars.html,ok
2026-01-09,2026-01-09T17:55:14,857143,Marshall Monitor II ANC Zwart,Marshall,20800,True,https://www.coolblue.nl/product/857143/marshall-monitor-ii-anc-zwart.html,ok
2026-01-09,2026-01-09T17:55:18,972171,JBL Tune 780NC Zwart,JBL,12900,True,https://www.coolblue.nl/product/972171/jbl-tune-780nc-zwart.html,ok
2026-01-09,2026-01-09T17:55:23,969276,Bowers & Wilkins PX8 S2 Beige,Bowers & Wilkins,72900,True,https://www.coolblue.nl/product/969276/bowers-wilkins-px8-s2-beige.html,ok
2026-01-09,2026-01-09T17:55:27,968678,Bose QuietComfort Ultra Headphones (2e gen) Wit,Bose,45000,True,https://www.coolblue.nl/product/968678/bose-quietcomfort-ultra-headphones-2e-gen-wit.html,ok
2026-01-09,2026-01-09T17:55:31,962051,Sony WH-CH720N Roze,Sony,8600,True,https://www.coolblue.nl/product/962051/sony-wh-ch720n-roze.html,ok
2026-01-09,2026-01-09T17:55:35,943645,Sennheiser Momentum 4 Wireless Grijs,Sennheiser,25000,True,https://www.coolblue.nl/product/943645/sennheiser-momentum-4-wireless-grijs.html,ok
2026-01-09,2026-01-09T17:55:40,968197,Skullcandy Aviator 900 ANC Zwart,Skullcandy,30000,True,https://www.coolblue.nl/product/968197/skullcandy-aviator-900-anc-zwart.html,ok
2026-01-09,2026-01-09T17:55:45,917586,Bowers & Wilkins Px8 Bruin,Bowers & Wilkins,44100,True,https://www.coolblue.nl/product/917586/bowers-wilkins-px8-bruin.html,ok
2026-01-09,2026-01-09T17:55:48,943646,Sennheiser Accentum Plus Zwart,Sennheiser,16400,True,https://www.coolblue.nl/product/943646/sennheiser-accentum-plus-zwart.html,ok
2026-01-09,2026-01-09T17:55:52,924585,Sony WH-1000XM5 Blauw,Sony,26900,True,https://www.coolblue.nl/product/924585/sony-wh-1000xm5-blauw.html,ok
2026-01-09,2026-01-09T17:55:57,965476,Bose QuietComfort Headphones Roze,Bose,22000,True,https://www.coolblue.nl/product/965476/bose-quietcomfort-headphones-roze.html,ok
2026-01-09,2026-01-09T17:56:00,973133,Fairphone Fairbuds XL Groen,Fairphone,24500,True,https://www.coolblue.nl/product/973133/fairphone-fairbuds-xl-groen.html,ok
2026-01-09,2026-01-09T17:56:05,923507,Sony WH-CH720N Wit,Sony,9000,True,https://www.coolblue.nl/product/923507/sony-wh-ch720n-wit.html,ok
2026-01-09,2026-01-09T17:56:09,934396,JBL Live 670NC Zwart,JBL,10900,True,https://www.coolblue.nl/product/934396/jbl-live-670nc-zwart.html,ok
2026-01-09,2026-01-09T17:56:13,951362,JBuds Lux ANC Wit,JLAB,10000,True,https://www.coolblue.nl/product/951362/jbuds-lux-anc-wit.html,ok
2026-01-09,2026-01-09T17:56:17,936374,Sennheiser Accentum Wireless Zwart,Sennheiser,14400,True,https://www.coolblue.nl/product/936374/sennheiser-accentum-wireless-zwart.html,ok
2026-01-09,2026-01-09T17:56:24,946495,Sony ULT Wear Wit,Sony,13900,True,https://www.coolblue.nl/product/946495/sony-ult-wear-wit.html,ok
2026-01-09,2026-01-09T17:56:29,963646,Bowers & Wilkins Px7 S3 Wit,Bowers & Wilkins,33600,True,https://www.coolblue.nl/product/963646/bowers-wilkins-px7-s3-wit.html,ok
2026-01-09,2026-01-09T17:56:34,905649,Sony WH-1000XM5 Zilver,Sony,26900,True,https://www.coolblue.nl/product/905649/sony-wh-1000xm5-zilver.html,ok
2026-01-09,2026-01-09T17:56:38,955411,JBL JR470NC Roze,JBL,6600,True,https://www.coolblue.nl/product/955411/jbl-jr470nc-roze.html,ok
2026-01-09,2026-01-09T17:56:43,947608,Soundcore Space One Crème,Soundcore by Anker,8100,True,https://www.coolblue.nl/product/947608/soundcore-space-one-creme.html,ok
2026-01-09,2026-01-09T17:56:47,952360,Sony WH-1000XM5 Roze,Sony,26900,True,https://www.coolblue.nl/product/952360/sony-wh-1000xm5-roze.html,ok
2026-01-09,2026-01-09T17:56:53,795776,Pioneer DJ HDJ-X7 Zwart,Pioneer,16900,True,https://www.coolblue.nl/product/795776/pioneer-dj-hdj-x7-zwart.html,ok
2026-01-09,2026-01-09T17:56:58,960368,JBL Tour One M3 Smart TX Goud,JBL,26900,True,https://www.coolblue.nl/product/960368/jbl-tour-one-m3-smart-tx-goud.html,ok
2026-01-09,2026-01-09T17:57:04,822119,Pioneer HDJ-X5BT Zwart,Pioneer,15600,True,https://www.coolblue.nl/product/822119/pioneer-hdj-x5bt-zwart.html,ok
2026-01-09,2026-01-09T17:57:09,930305,JBL Tune 670NC Zwart,JBL,7200,True,https://www.coolblue.nl/product/930305/jbl-tune-670nc-zwart.html,ok
2026-01-09,2026-01-09T17:57:14,966502,Nothing Headphone (1) Wit,Nothing Tech,25400,True,https://www.coolblue.nl/product/966502/nothing-headphone-1-wit.html,ok
2026-01-09,2026-01-09T17:57:18,955410,JBL JR470NC Blauw,JBL,6600,True,https://www.coolblue.nl/product/955410/jbl-jr470nc-blauw.html,ok
2026-01-09,2026-01-09T17:57:23,936948,Bowers & Wilkins Px7 S2e Zwart,Bowers & Wilkins,27800,True,https://www.coolblue.nl/product/936948/bowers-wilkins-px7-s2e-zwart.html,ok
2026-01-09,2026-01-09T17:57:28,972753,Bowers & Wilkins Px7 S3 Lichtblauw,Bowers & Wilkins,34900,True,https://www.coolblue.nl/product/972753/bowers-wilkins-px7-s3-lichtblauw.html,ok
2026-01-09,2026-01-09T17:57:32,911913,Sennheiser Momentum 4 Wireless Wit,Sennheiser,25100,True,https://www.coolblue.nl/product/911913/sennheiser-momentum-4-wireless-wit.html,ok
2026-01-09,2026-01-09T17:57:35,930310,JBL Tune 770NC Wit,JBL,8800,True,https://www.coolblue.nl/product/930310/jbl-tune-770nc-wit.html,ok
2026-01-09,2026-01-09T17:57:40,934401,JBL Live 770NC Wit,JBL,11200,True,https://www.coolblue.nl/product/934401/jbl-live-770nc-wit.html,ok
2026-01-09,2026-01-09T17:57:45,972186,JBL Tune 730BT Zwart,JBL,8000,True,https://www.coolblue.nl/product/972186/jbl-tune-730bt-zwart.html,ok
2026-01-09,2026-01-09T17:57:51,961914,Soundcore Space One Pro Wit,Soundcore by Anker,20000,True,https://www.coolblue.nl/product/961914/soundcore-space-one-pro-wit.html,ok
2026-01-09,2026-01-09T17:57:56,961913,Soundcore Space One Pro Zwart,Soundcore by Anker,20000,True,https://www.coolblue.nl/product/961913/soundcore-space-one-pro-zwart.html,ok
2026-01-09,2026-01-09T17:58:00,964476,Soundcore Space One Roze,Soundcore by Anker,10000,True,https://www.coolblue.nl/product/964476/soundcore-space-one-roze.html,ok
2026-01-09,2026-01-09T17:58:05,963645,Bowers & Wilkins Px7 S3 Blauw,Bowers & Wilkins,35900,True,https://www.coolblue.nl/product/963645/bowers-wilkins-px7-s3-blauw.html,ok
2026-01-09,2026-01-09T17:58:10,546187,Sennheiser RS 175,Sennheiser,20600,True,https://www.coolblue.nl/product/546187/sennheiser-rs-175.html,ok
2026-01-09,2026-01-09T17:58:14,947609,Soundcore Space One Blauw,Soundcore by Anker,10000,True,https://www.coolblue.nl/product/947609/soundcore-space-one-blauw.html,ok
2026-01-09,2026-01-09T17:58:18,735835,Sennheiser HD 599,Sennheiser,16700,True,https://www.coolblue.nl/product/735835/sennheiser-hd-599.html,ok
2026-01-09,2026-01-09T17:58:23,959897,JBL Tour One M3 Goud,JBL,26400,True,https://www.coolblue.nl/product/959897/jbl-tour-one-m3-goud.html,ok
2026-01-09,2026-01-09T17:58:27,973132,Fairphone Fairbuds XL Zwart,Fairphone,24500,True,https://www.coolblue.nl/product/973132/fairphone-fairbuds-xl-zwart.html,ok
2026-01-09,2026-01-09T17:58:32,955103,Bowers & Wilkins Px7 S2e Rood,Bowers & Wilkins,27800,True,https://www.coolblue.nl/product/955103/bowers-wilkins-px7-s2e-rood.html,ok
2026-01-09,2026-01-09T17:58:36,934402,JBL Live 770NC Blauw,JBL,11300,False,https://www.coolblue.nl/product/934402/jbl-live-770nc-blauw.html,ok
2026-01-09,2026-01-09T17:58:39,964867,JBL Tune 520C USB-C Zwart,JBL,3399,True,https://www.coolblue.nl/product/964867/jbl-tune-520c-usb-c-zwart.html,ok
2026-01-09,2026-01-09T17:58:44,936950,Bowers & Wilkins Px7 S2e Groen,Bowers & Wilkins,27800,True,https://www.coolblue.nl/product/936950/bowers-wilkins-px7-s2e-groen.html,ok
2026-01-09,2026-01-09T17:58:49,972172,JBL Tune 780NC Blauw,JBL,12900,True,https://www.coolblue.nl/product/972172/jbl-tune-780nc-blauw.html,ok
2026-01-09,2026-01-09T17:58:53,878995,Marshall Major IV Zwart,Marshall,9100,True,https://www.coolblue.nl/product/878995/marshall-major-iv-zwart.html,ok
2026-01-09,2026-01-09T17:58:58,934189,Beats Studio Pro Crème,Beats,29700,True,https://www.coolblue.nl/product/934189/beats-studio-pro-creme.html,ok
2026-01-09,2026-01-09T17:59:03,923638,Sony WH-CH520 Crème,Sony,4499,True,https://www.coolblue.nl/product/923638/sony-wh-ch520-creme.html,ok
2026-01-09,2026-01-09T17:59:07,951324,Sennheiser HD620S,Sennheiser,28500,True,https://www.coolblue.nl/product/951324/sennheiser-hd620s.html,ok
2026-01-09,2026-01-09T17:59:12,923310,JBL Tune 720BT Zwart,JBL,6400,False,https://www.coolblue.nl/product/923310/jbl-tune-720bt-zwart.html,ok
2026-01-09,2026-01-09T17:59:17,972173,JBL Tune 780NC Wit,JBL,12900,True,https://www.coolblue.nl/product/972173/jbl-tune-780nc-wit.html,ok
2026-01-09,2026-01-09T17:59:21,454311,Sony MDR-ZX310AP Zwart,Sony,2599,True,https://www.coolblue.nl/product/454311/sony-mdr-zx310ap-zwart.html,ok
2026-01-09,2026-01-09T17:59:27,923313,JBL Tune 720BT Wit,JBL,6200,True,https://www.coolblue.nl/product/923313/jbl-tune-720bt-wit.html,ok
2026-01-09,2026-01-09T17:59:32,930306,JBL Tune 670NC Wit,JBL,6900,True,https://www.coolblue.nl/product/930306/jbl-tune-670nc-wit.html,ok
2026-01-09,2026-01-09T17:59:36,923636,Sony WH-CH520 Zwart,Sony,4699,True,https://www.coolblue.nl/product/923636/sony-wh-ch520-zwart.html,ok
2026-01-09,2026-01-09T17:59:40,972179,JBL Tune 530BT Paars,JBL,6000,True,https://www.coolblue.nl/product/972179/jbl-tune-530bt-paars.html,ok
2026-01-09,2026-01-09T17:59:45,935496,Bowers & Wilkins Px8 McLaren,Bowers & Wilkins,66200,True,https://www.coolblue.nl/product/935496/bowers-wilkins-px8-mclaren.html,ok
2026-01-09,2026-01-09T17:59:50,936951,Bowers & Wilkins Px7 S2e Grijs,Bowers & Wilkins,27800,True,https://www.coolblue.nl/product/936951/bowers-wilkins-px7-s2e-grijs.html,ok
2026-01-09,2026-01-09T17:59:56,770567,JVC HA-KD7 Blauw,JVC,2099,True,https://www.coolblue.nl/product/770567/jvc-ha-kd7-blauw.html,ok
2026-01-09,2026-01-09T18:00:00,966503,Nothing Headphone (1) Zwart,Nothing Tech,25100,True,https://www.coolblue.nl/product/966503/nothing-headphone-1-zwart.html,ok
2026-01-09,2026-01-09T18:00:03,956284,Marshall Major V Zwart,Marshall,11300,True,https://www.coolblue.nl/product/956284/marshall-major-v-zwart.html,ok
2026-01-09,2026-01-09T18:00:09,913212,Audio Technica ATH-M20XBT,Audio-Technica,8800,True,https://www.coolblue.nl/product/913212/audio-technica-ath-m20xbt.html,ok
2026-01-09,2026-01-09T18:00:13,952784,Dyson OnTrac Aluminium,Dyson,49900,True,https://www.coolblue.nl/product/952784/dyson-ontrac-aluminium.html,ok
2026-01-09,2026-01-09T18:00:17,952785,Dyson OnTrac Koper,Dyson,49900,True,https://www.coolblue.nl/product/952785/dyson-ontrac-koper.html,ok
2026-01-09,2026-01-09T18:00:21,735832,Sennheiser HD 569,Sennheiser,12300,True,https://www.coolblue.nl/product/735832/sennheiser-hd-569.html,ok
2026-01-09,2026-01-09T18:00:25,923639,Sony WH-CH520 Blauw,Sony,4499,True,https://www.coolblue.nl/product/923639/sony-wh-ch520-blauw.html,ok
2026-01-09,2026-01-09T18:00:29,972177,JBL Tune 530BT Zwart,JBL,6000,True,https://www.coolblue.nl/product/972177/jbl-tune-530bt-zwart.html,ok
2026-01-09,2026-01-09T18:00:33,972166,JBL Junior Free Blauw,JBL,7000,True,https://www.coolblue.nl/product/972166/jbl-junior-free-blauw.html,ok
2026-01-09,2026-01-09T18:00:37,972187,JBL Tune 730BT Blauw,JBL,8000,True,https://www.coolblue.nl/product/972187/jbl-tune-730bt-blauw.html,ok
2026-01-09,2026-01-09T18:00:42,972180,JBL Tune 530BT Wit,JBL,6000,True,https://www.coolblue.nl/product/972180/jbl-tune-530bt-wit.html,ok
2026-01-09,2026-01-09T18:00:47,949276,Philips TAH4209 Zwart,Philips,3099,True,https://www.coolblue.nl/product/949276/philips-tah4209-zwart.html,ok
2026-01-09,2026-01-09T18:00:51,972188,JBL Tune 730BT Wit,JBL,8000,True,https://www.coolblue.nl/product/972188/jbl-tune-730bt-wit.html,ok
2026-01-09,2026-01-09T18:00:56,967354,Marshall Major V Blauw,Marshall,14900,True,https://www.coolblue.nl/product/967354/marshall-major-v-blauw.html,ok
2026-01-09,2026-01-09T18:01:00,968195,Skullcandy Crusher Active Donkergrijs,Skullcandy,16200,True,https://www.coolblue.nl/product/968195/skullcandy-crusher-active-donkergrijs.html,ok
2026-01-09,2026-01-09T18:01:06,960364,JBL Tour One M3 Blauw,JBL,28900,False,https://www.coolblue.nl/product/960364/jbl-tour-one-m3-blauw.html,ok
2026-01-09,2026-01-09T18:01:11,949279,Philips TAH4209 Blauw,Philips,3099,True,https://www.coolblue.nl/product/949279/philips-tah4209-blauw.html,ok
2026-01-09,2026-01-09T18:01:16,454325,Sony MDR-ZX310AP Blauw,Sony,2599,True,https://www.coolblue.nl/product/454325/sony-mdr-zx310ap-blauw.html,ok
2026-01-09,2026-01-09T18:01:21,954350,Apple AirPods Max Oranje,Apple,57900,True,https://www.coolblue.nl/product/954350/apple-airpods-max-oranje.html,ok
2026-01-09,2026-01-09T18:01:25,972178,JBL Tune 530BT Blauw,JBL,6000,True,https://www.coolblue.nl/product/972178/jbl-tune-530bt-blauw.html,ok
2026-01-09,2026-01-09T18:01:30,945541,JBL JR320BT Paars,JBL,4099,True,https://www.coolblue.nl/product/945541/jbl-jr320bt-paars.html,ok
2026-01-09,2026-01-09T18:01:35,905877,Rode NTH-100,Rode Microphones,14300,True,https://www.coolblue.nl/product/905877/rode-nth-100.html,ok
2026-01-09,2026-01-09T18:01:41,972165,JBL Junior Free Roze,JBL,7000,True,https://www.coolblue.nl/product/972165/jbl-junior-free-roze.html,ok
2026-01-09,2026-01-09T18:01:45,964868,JBL Tune 520C USB-C Wit,JBL,3499,True,https://www.coolblue.nl/product/964868/jbl-tune-520c-usb-c-wit.html,ok
2026-01-09,2026-01-09T18:01:52,962050,Sony WH-CH520 Geel,Sony,4799,True,https://www.coolblue.nl/product/962050/sony-wh-ch520-geel.html,ok
2026-01-09,2026-01-09T18:01:57,911912,Sennheiser Momentum 4 Wireless Zwart,Sennheiser,26300,False,https://www.coolblue.nl/product/911912/sennheiser-momentum-4-wireless-zwart.html,ok
2026-01-09,2026-01-09T18:02:00,534540,Sony MDR-ZX110AP Zwart,Sony,2199,True,https://www.coolblue.nl/product/534540/sony-mdr-zx110ap-zwart.html,ok
2026-01-09,2026-01-09T18:02:04,923640,Sony WH-CH520 Wit,Sony,4399,True,https://www.coolblue.nl/product/923640/sony-wh-ch520-wit.html,ok
2026-01-09,2026-01-09T18:02:09,926433,JVC HA-S36W Zwart,JVC,3199,True,https://www.coolblue.nl/product/926433/jvc-ha-s36w-zwart.html,ok
2026-01-09,2026-01-09T18:02:14,949278,Philips TAH4209 Wit,Philips,3099,True,https://www.coolblue.nl/product/949278/philips-tah4209-wit.html,ok
2026-01-09,2026-01-09T18:02:20,951361,JBuds Lux ANC Groen,JLAB,10000,False,https://www.coolblue.nl/product/951361/jbuds-lux-anc-groen.html,ok
2026-01-09,2026-01-09T18:02:24,956285,Marshall Major V Bruin,Marshall,13100,False,https://www.coolblue.nl/product/956285/marshall-major-v-bruin.html,ok
2026-01-09,2026-01-09T18:02:28,968196,Skullcandy Crusher Active Lichtgrijs,Skullcandy,16200,True,https://www.coolblue.nl/product/968196/skullcandy-crusher-active-lichtgrijs.html,ok
2026-01-09,2026-01-09T18:02:32,903637,JVC HA-S31M-P,JVC,1998,True,https://www.coolblue.nl/product/903637/jvc-ha-s31m-p.html,ok
2026-01-09,2026-01-09T18:02:37,972175,JBL Junior Free Paars,JBL,7000,True,https://www.coolblue.nl/product/972175/jbl-junior-free-paars.html,ok
2026-01-09,2026-01-09T18:02:42,951358,JBuds Lux ANC Grijs,JLAB,10000,False,https://www.coolblue.nl/product/951358/jbuds-lux-anc-grijs.html,ok
2026-01-09,2026-01-09T18:02:46,562255,Audio-Technica ATH-M50X Zwart,Audio-Technica,15800,False,https://www.coolblue.nl/product/562255/audio-technica-ath-m50x-zwart.html,ok
2026-01-09,2026-01-09T18:02:49,937222,Bowers & Wilkins PX8 Rood,Bowers & Wilkins,44100,False,https://www.coolblue.nl/product/937222/bowers-wilkins-px8-rood.html,ok
2026-01-09,2026-01-09T18:02:53,750191,Audio-Technica ATH-M30X,Audio-Technica,8200,True,https://www.coolblue.nl/product/750191/audio-technica-ath-m30x.html,ok
2026-01-09,2026-01-09T18:02:57,968193,Rode NTH-50,Rode,12900,True,https://www.coolblue.nl/product/968193/rode-nth-50.html,ok
2026-01-09,2026-01-09T18:03:01,936375,Sennheiser Accentum Wireless Wit,Sennheiser,17600,False,https://www.coolblue.nl/product/936375/sennheiser-accentum-wireless-wit.html,ok
2026-01-09,2026-01-09T18:03:08,954348,Apple AirPods Max Lila,Apple,57900,False,https://www.coolblue.nl/product/954348/apple-airpods-max-lila.html,ok
2026-01-09,2026-01-09T18:03:12,871042,Pioneer DJ HDJ-CUE1,Pioneer,6900,False,https://www.coolblue.nl/product/871042/pioneer-dj-hdj-cue1.html,ok
2026-01-09,2026-01-09T18:03:16,903638,JVC HA-S31M-W,JVC,2199,True,https://www.coolblue.nl/product/903638/jvc-ha-s31m-w.html,ok
2026-01-09,2026-01-09T18:03:20,968192,Skullcandy Crusher Active Roze,Skullcandy,16200,True,https://www.coolblue.nl/product/968192/skullcandy-crusher-active-roze.html,ok
2026-01-09,2026-01-09T18:03:24,951360,JBuds Lux ANC Roze,JLAB,10000,False,https://www.coolblue.nl/product/951360/jbuds-lux-anc-roze.html,ok
2026-01-09,2026-01-09T18:03:29,958548,Marshall Monitor III ANC zwart,Marshall,26600,False,https://www.coolblue.nl/product/958548/marshall-monitor-iii-anc-zwart.html,ok
2026-01-09,2026-01-09T18:03:33,903635,JVC HA-S31M,JVC,2499,True,https://www.coolblue.nl/product/903635/jvc-ha-s31m.html,ok
2026-01-09,2026-01-09T18:03:37,750164,Audio-Technica ATH-M20X,Audio-Technica,6000,False,https://www.coolblue.nl/product/750164/audio-technica-ath-m20x.html,ok
2026-01-09,2026-01-09T18:04:35,956286,Marshall Major V Crème,Marshall,13400,False,https://www.coolblue.nl/product/956286/marshall-major-v-creme.html,ok
2026-01-09,2026-01-09T18:04:39,932435,Fairbuds XL Groen,Fairphone,24900,False,https://www.coolblue.nl/product/932435/fairbuds-xl-groen.html,ok
2026-01-09,2026-01-09T18:04:43,962049,Sony WH-CH520 Roze,Sony,4399,True,https://www.coolblue.nl/product/962049/sony-wh-ch520-roze.html,ok
2026-01-09,2026-01-09T18:04:48,936949,Bowers & Wilkins Px7 S2e Blauw,Bowers & Wilkins,27800,False,https://www.coolblue.nl/product/936949/bowers-wilkins-px7-s2e-blauw.html,ok
2026-01-09,2026-01-09T18:04:53,957284,AlphaTheta HDJ-F10,AlphaTheta,43900,False,https://www.coolblue.nl/product/957284/alphatheta-hdj-f10.html,ok
2026-01-09,2026-01-09T18:04:56,958334,Focal Bathys Zwart,Focal,78600,False,https://www.coolblue.nl/product/958334/focal-bathys-zwart.html,ok
2026-01-09,2026-01-09T18:05:01,919926,JBL Tour One M2 Zwart,JBL,26100,False,https://www.coolblue.nl/product/919926/jbl-tour-one-m2-zwart.html,ok
2026-01-09,2026-01-09T18:05:06,817748,JVC HA-RX330-E,JVC,2199,False,https://www.coolblue.nl/product/817748/jvc-ha-rx330-e.html,ok
2026-01-09,2026-01-09T18:05:12,953656,Bose QuietComfort Ultra Headphones Blauw,Bose,31000,False,https://www.coolblue.nl/product/953656/bose-quietcomfort-ultra-headphones-blauw.html,ok
2026-01-09,2026-01-09T18:05:18,910350,Bowers & Wilkins Px7 S2 Grijs,Bowers & Wilkins,22100,False,https://www.coolblue.nl/product/910350/bowers-wilkins-px7-s2-grijs.html,ok
2026-01-09,2026-01-09T18:05:23,871043,Pioneer DJ HDJ-CUE1BT Zwart,Pioneer,9900,False,https://www.coolblue.nl/product/871043/pioneer-dj-hdj-cue1bt-zwart.html,ok
2026-01-09,2026-01-09T18:05:28,953951,Bose QuietComfort Headphones Beige,Bose,22000,False,https://www.coolblue.nl/product/953951/bose-quietcomfort-headphones-beige.html,ok
2026-01-09,2026-01-09T18:05:31,876872,Sennheiser HD 560S,Sennheiser,17200,False,https://www.coolblue.nl/product/876872/sennheiser-hd-560s.html,ok
2026-01-09,2026-01-09T18:05:35,730369,JVC HA-S180 Zwart,JVC,2399,False,https://www.coolblue.nl/product/730369/jvc-ha-s180-zwart.html,ok
2026-01-09,2026-01-09T18:05:38,973161,Mackie MC-150,Mackie  ,7900,False,https://www.coolblue.nl/product/973161/mackie-mc-150.html,ok
2026-01-09,2026-01-09T18:05:42,972170,JBL Tune 780NC Goud,JBL,13000,False,https://www.coolblue.nl/product/972170/jbl-tune-780nc-goud.html,ok
2026-01-09,2026-01-09T18:05:46,770565,JVC HA-KD7 Rood,JVC,2099,False,https://www.coolblue.nl/product/770565/jvc-ha-kd7-rood.html,ok
2026-01-09,2026-01-09T18:05:51,770560,JVC HA-KD7 Roze,JVC,1898,False,https://www.coolblue.nl/product/770560/jvc-ha-kd7-roze.html,ok
2026-01-09,2026-01-09T18:05:54,964011,Bose QuietComfort Ultra Headphones Rood,Bose,31000,False,https://www.coolblue.nl/product/964011/bose-quietcomfort-ultra-headphones-rood.html,ok
2026-01-09,2026-01-09T18:05:59,770538,JVC HA-KD7 Geel,JVC,2399,False,https://www.coolblue.nl/product/770538/jvc-ha-kd7-geel.html,ok
2026-01-09,2026-01-09T18:06:04,955412,JBL JR470NC Wit,JBL,8000,False,https://www.coolblue.nl/product/955412/jbl-jr470nc-wit.html,ok
2026-01-09,2026-01-09T18:06:09,871045,Pioneer DJ HCJ-CUE1BT Wit,Pioneer,9400,False,https://www.coolblue.nl/product/871045/pioneer-dj-hcj-cue1bt-wit.html,ok
2026-01-09,2026-01-09T18:06:14,972185,JBL Tune 730BT Goud,JBL,8000,False,https://www.coolblue.nl/product/972185/jbl-tune-730bt-goud.html,ok
2026-01-09,2026-01-09T18:06:18,903636,JVC HA-S31M-B,JVC,2099,False,https://www.coolblue.nl/product/903636/jvc-ha-s31m-b.html,ok
2026-01-09,2026-01-09T18:06:23,945542,JBL JR320BT Groen,JBL,4099,False,https://www.coolblue.nl/product/945542/jbl-jr320bt-groen.html,ok
2026-01-09,2026-01-09T18:06:28,974683,Bowers & Wilkins PX8 S2 McLaren,Bowers & Wilkins,82900,False,https://www.coolblue.nl/product/974683/bowers-wilkins-px8-s2-mclaren.html,ok
2026-01-09,2026-01-09T18:06:33,972176,JBL Tune 530BT Goud,JBL,6000,False,https://www.coolblue.nl/product/972176/jbl-tune-530bt-goud.html,ok
2026-01-09,2026-01-09T18:06:38,973160,Mackie MC-100,Mackie  ,3499,False,https://www.coolblue.nl/product/973160/mackie-mc-100.html,ok
2026-01-09,2026-01-09T18:06:43,923422,JBL Tune 520BT Wit,JBL,5800,False,https://www.coolblue.nl/product/923422/jbl-tune-520bt-wit.html,ok
2026-01-09,2026-01-09T18:06:46,923429,JBL Tune 520BT Blauw,JBL,5800,False,https://www.coolblue.nl/product/923429/jbl-tune-520bt-blauw.html,ok
2026-01-09,2026-01-09T18:06:51,930307,JBL Tune 670NC Blauw,JBL,6800,False,https://www.coolblue.nl/product/930307/jbl-tune-670nc-blauw.html,ok
2026-01-09,2026-01-09T18:06:56,919927,JBL Tour One M2 Champagne,JBL,24100,False,https://www.coolblue.nl/product/919927/jbl-tour-one-m2-champagne.html,ok
2026-01-09,2026-01-09T18:07:01,932436,Fairbuds XL Zwart,Fairphone,17900,False,https://www.coolblue.nl/product/932436/fairbuds-xl-zwart.html,ok
